{"options":{"awareOfChrome":false,"check_for_updates":false,"comment":null,"compat_arrayleft":false,"compat_foreach":false,"compat_forvarin":false,"compat_metadata":false,"compat_powerful_this":null,"compat_uW_gmonkey":false,"compat_wrappedjsobject":false,"compatopts_for_requires":true,"noframes":true,"override":{"merge_connects":true,"merge_excludes":true,"merge_includes":true,"merge_matches":true,"orig_connects":[],"orig_excludes":[],"orig_includes":[],"orig_matches":["https://www.multiplayerpiano.com/*"],"orig_noframes":null,"orig_run_at":"document-idle","use_blockers":[],"use_connects":[],"use_excludes":[],"use_includes":[],"use_matches":[]},"run_at":"document-idle","tab_types":null},"settings":{"enabled":true,"position":38},"meta":{"name":"add to script.js eventually","uuid":"b34be771-f826-41f1-ad57-c816cae59d84","modified":1612664479458}}