{"options":{"awareOfChrome":false,"check_for_updates":true,"comment":null,"compat_arrayleft":false,"compat_foreach":false,"compat_forvarin":false,"compat_metadata":false,"compat_powerful_this":null,"compat_uW_gmonkey":false,"compat_wrappedjsobject":false,"compatopts_for_requires":true,"noframes":null,"override":{"merge_connects":true,"merge_excludes":true,"merge_includes":true,"merge_matches":true,"orig_excludes":[],"orig_includes":["http://www.multiplayerpiano.com/*","http://mpp-evolution.com/*","http://custommpp.xyz/*","http://cursors.me/piano/*","http://yourworldofpixels.com/piano/*","http://www.ourworldofpixels.com/piano/"],"orig_matches":[],"orig_noframes":null,"orig_run_at":"document-idle","use_blockers":[],"use_connects":[],"use_excludes":[],"use_includes":[],"use_matches":[]},"run_at":null,"tab_types":null},"settings":{"enabled":false,"position":18},"meta":{"name":"Animated Name","uuid":"ee5e3757-69ca-4093-8e72-5f27ece6b531","modified":1586221429373}}