{"options":{"check_for_updates":true,"comment":null,"compat_foreach":false,"compat_metadata":false,"compat_powerful_this":null,"compat_prototypes":false,"compat_wrappedjsobject":false,"compatopts_for_requires":true,"noframes":null,"override":{"merge_connects":true,"merge_excludes":true,"merge_includes":true,"merge_matches":true,"orig_connects":["bandcamp.com","bcbits.com"],"orig_excludes":[],"orig_includes":["https://*.bandcamp.com/*"],"orig_matches":[],"orig_noframes":null,"orig_run_at":"document-idle","use_blockers":[],"use_connects":[],"use_excludes":[],"use_includes":[],"use_matches":[]},"run_at":null,"tab_types":null},"settings":{"enabled":true,"position":95},"meta":{"name":"Bandcamp download mp3s","uuid":"6365c3de-6875-4cf2-9c49-01e2d5ff24e5","modified":1633385660654,"file_url":"https://greasyfork.org/scripts/20719-bandcamp-download-mp3s/code/Bandcamp%20download%20mp3s.user.js"}}