{"options":{"check_for_updates":false,"comment":null,"compat_foreach":false,"compat_metadata":false,"compat_powerful_this":null,"compat_prototypes":false,"compat_wrappedjsobject":false,"compatopts_for_requires":true,"noframes":null,"override":{"merge_connects":true,"merge_excludes":true,"merge_includes":true,"merge_matches":true,"orig_connects":[],"orig_excludes":[],"orig_includes":[],"orig_matches":["https://*.multiplayerpiano.com/*","https://www.multiplayerpiano.net/*","https://www.multiplayerpiano.org/*","https://mpp.terrium.net/*","https://mppclone.com/*","https://mpp.hri7566.info/*"],"orig_noframes":null,"orig_run_at":"document-idle","use_blockers":[],"use_connects":[],"use_excludes":[],"use_includes":[],"use_matches":[]},"run_at":null,"tab_types":null,"unwrap":null},"settings":{"enabled":false,"position":112},"meta":{"name":"Bot","uuid":"22c80209-bd87-44c9-8e45-b84a871451e3","modified":1662865998974}}