{"options":{"check_for_updates":true,"comment":null,"compat_foreach":false,"compat_metadata":false,"compat_powerful_this":null,"compat_prototypes":false,"compat_wrappedjsobject":false,"compatopts_for_requires":true,"noframes":null,"override":{"merge_connects":true,"merge_excludes":true,"merge_includes":true,"merge_matches":true,"orig_connects":[],"orig_excludes":[],"orig_includes":[],"orig_matches":["https://mppclone.com/*","https://multiplayerpiano.com/*"],"orig_noframes":null,"orig_run_at":"document-idle","use_blockers":[],"use_connects":[],"use_excludes":[],"use_includes":[],"use_matches":[]},"run_at":null,"tab_types":null},"settings":{"enabled":false,"position":86},"meta":{"name":"Draw","uuid":"5f66114b-4c81-49c5-a117-ba3b3d834e75","modified":1628018098554,"file_url":"https://gist.github.com/Hri7566/080e9a8c2d6ef4b0c2ab3c117187c1be/raw/7c58a9e5d25487483fca4f445629fed5bb880459/draw-1.7.user.js"}}