{"options":{"check_for_updates":false,"comment":null,"compat_foreach":false,"compat_metadata":false,"compat_powerful_this":null,"compat_prototypes":false,"compat_wrappedjsobject":false,"compatopts_for_requires":true,"noframes":null,"override":{"merge_connects":true,"merge_excludes":true,"merge_includes":true,"merge_matches":true,"orig_connects":[],"orig_excludes":[],"orig_includes":[],"orig_matches":["http*://*multiplayerpiano.com/*","http*://mppclone.com/*","http*://mpp.hri7566.info/*","http*://www.multiplayerpiano.org/*","http*://www.multiplayerpiano.dev/*","http*://mppkinda.com/*"],"orig_noframes":null,"orig_run_at":"document-idle","use_blockers":[],"use_connects":[],"use_excludes":[],"use_includes":[],"use_matches":[]},"run_at":null,"tab_types":null,"unwrap":null},"settings":{"enabled":false,"position":22},"meta":{"name":"EarthBound Sprites","uuid":"ea1f5459-38a7-4f08-8ef3-f5271e75a03b","modified":1662863270360}}