{"options":{"check_for_updates":false,"comment":null,"compat_foreach":false,"compat_metadata":false,"compat_powerful_this":null,"compat_prototypes":false,"compat_wrappedjsobject":false,"compatopts_for_requires":true,"noframes":null,"override":{"merge_connects":true,"merge_excludes":true,"merge_includes":true,"merge_matches":true,"orig_connects":[],"orig_excludes":[],"orig_includes":[],"orig_matches":["http://www.multiplayerpiano.com/*","https://mppclone.com/*","http://www.multiplayerpiano.com/script.js","https://mppclone.com/script.js"],"orig_noframes":null,"orig_run_at":"document-idle","use_blockers":[],"use_connects":[],"use_excludes":[],"use_includes":[],"use_matches":[]},"run_at":null,"tab_types":null,"unwrap":null},"settings":{"enabled":false,"position":110},"meta":{"name":"Electrashave's Bot MPPClone","uuid":"da4cb7d4-fb5f-4490-8689-3b6617ce803f","modified":1662863719947}}