{"options":{"check_for_updates":false,"comment":null,"compat_foreach":false,"compat_metadata":false,"compat_powerful_this":null,"compat_prototypes":false,"compat_wrappedjsobject":false,"compatopts_for_requires":true,"noframes":null,"override":{"merge_connects":true,"merge_excludes":true,"merge_includes":true,"merge_matches":true,"orig_connects":[],"orig_excludes":[],"orig_includes":[],"orig_matches":["https://www.multiplayerpiano.com/*","http://mpp-evolution.com/*","http://cursors.me/piano/*","https://mpp.terrium.net/*","https://piano.ourworldofpixels.com/*","https://mpp.hri7566.info/*","https://augustberchelmann.com/piano/*","https://mpp.wolfy01.com/*","https://mppclone.com/*"],"orig_noframes":null,"orig_run_at":"document-idle","use_blockers":[],"use_connects":[],"use_excludes":[],"use_includes":[],"use_matches":[]},"run_at":null,"tab_types":null},"settings":{"enabled":false,"position":61},"meta":{"name":"Hri7566's BallOnString.js","uuid":"a33cb6f2-1ebd-4ea5-9956-d97eb5e1cbf6","modified":1618969792558}}