{"options":{"check_for_updates":true,"comment":null,"compat_foreach":false,"compat_metadata":false,"compat_powerful_this":null,"compat_prototypes":false,"compat_wrappedjsobject":false,"compatopts_for_requires":true,"noframes":null,"override":{"merge_connects":true,"merge_excludes":true,"merge_includes":true,"merge_matches":true,"orig_connects":[],"orig_excludes":[],"orig_includes":[],"orig_matches":["https://*.multiplayerpiano.com/*","https://www.multiplayerpiano.net/*","https://*.multiplayerpiano.net/*","https://mpp.terrium.net/*","https://mppclone.com/*","https://mpp.hri7566.info/*","https://*.multiplayerpiano.org/*","https://*.multiplayerpiano.dev/*"],"orig_noframes":null,"orig_run_at":"document-idle","use_blockers":[],"use_connects":[],"use_excludes":[],"use_includes":[],"use_matches":[]},"run_at":null,"tab_types":null,"unwrap":null},"settings":{"enabled":false,"position":122},"meta":{"name":"Hri7566's Selfbot","uuid":"98e42f12-43f4-401b-8c9f-fd6e30ef3dfc","modified":1662866048421,"file_url":"file:///F:/mpp-userscript/bot.user.js"}}