{"options":{"awareOfChrome":false,"check_for_updates":true,"comment":null,"compat_arrayleft":false,"compat_foreach":false,"compat_forvarin":false,"compat_metadata":false,"compat_powerful_this":null,"compat_uW_gmonkey":false,"compat_wrappedjsobject":false,"compatopts_for_requires":true,"noframes":null,"override":{"merge_connects":true,"merge_excludes":true,"merge_includes":true,"merge_matches":true,"orig_excludes":[],"orig_includes":[],"orig_matches":["https://quizlet.com/*/microscatter"],"orig_noframes":null,"orig_run_at":"document-idle","use_blockers":[],"use_connects":[],"use_excludes":[],"use_includes":[],"use_matches":[]},"run_at":null,"tab_types":null},"settings":{"enabled":true,"position":29},"meta":{"name":"MicroScatter Cheater Script","uuid":"2d0a38bc-886e-489f-a730-ee44adfb53dd","modified":1589931063003,"file_url":"https://greasyfork.org/scripts/375677-microscatter-cheater-script/code/MicroScatter%20Cheater%20Script.user.js"}}