{"options":{"check_for_updates":false,"comment":null,"compat_foreach":false,"compat_metadata":false,"compat_powerful_this":null,"compat_prototypes":false,"compat_wrappedjsobject":false,"compatopts_for_requires":true,"noframes":null,"override":{"merge_connects":true,"merge_excludes":true,"merge_includes":true,"merge_matches":true,"orig_connects":[],"orig_excludes":[],"orig_includes":[],"orig_matches":["https://mppclone.com/*","https://www.multiplayerpiano.org/*","https://multiplayerpiano.com/*","https://mpp.terrium.net/*","https://piano.ourworldofpixels.net/*","http*://augustberchelmann.com/piano/*","https://www.multiplayerpiano.dev/*","https://mpp.hri7566.info/*","https://mpp.autoplayer.space/*"],"orig_noframes":null,"orig_run_at":"document-idle","use_blockers":[],"use_connects":[],"use_excludes":[],"use_includes":[],"use_matches":[]},"run_at":null,"tab_types":null,"unwrap":null},"settings":{"enabled":false,"position":107},"meta":{"name":"Note Deficit (Broken)","uuid":"bdd0b3f4-4cdf-4cb9-a348-915cd03b539e","modified":1649693548673}}