{"options":{"awareOfChrome":false,"check_for_updates":true,"comment":null,"compat_arrayleft":false,"compat_foreach":false,"compat_forvarin":false,"compat_metadata":false,"compat_powerful_this":null,"compat_uW_gmonkey":false,"compat_wrappedjsobject":false,"compatopts_for_requires":true,"noframes":null,"override":{"merge_connects":true,"merge_excludes":true,"merge_includes":true,"merge_matches":true,"orig_excludes":[],"orig_includes":[],"orig_matches":["https://quizlet.com/*/micro*"],"orig_noframes":null,"orig_run_at":"document-idle","use_blockers":[],"use_connects":[],"use_excludes":[],"use_includes":[],"use_matches":[]},"run_at":null,"tab_types":null},"settings":{"enabled":true,"position":28},"meta":{"name":"Quizlet micromatch bot","uuid":"79b40283-455b-4701-bd9d-5ec8d652eb71","modified":1589931131608,"file_url":"https://greasyfork.org/scripts/22771-quizlet-micromatch-bot/code/Quizlet%20micromatch%20bot.user.js"}}