{"options":{"awareOfChrome":false,"check_for_updates":true,"comment":null,"compat_arrayleft":false,"compat_foreach":false,"compat_forvarin":false,"compat_metadata":false,"compat_powerful_this":null,"compat_uW_gmonkey":false,"compat_wrappedjsobject":false,"compatopts_for_requires":true,"noframes":null,"override":{"merge_connects":true,"merge_excludes":true,"merge_includes":true,"merge_matches":true,"orig_excludes":[],"orig_includes":[],"orig_matches":["*://quizlet.com/*","*://quizlet.com","*://*.quizlet.com","*://*.quizlet.com/*"],"orig_noframes":null,"orig_run_at":"document-idle","use_blockers":[],"use_connects":[],"use_excludes":[],"use_includes":[],"use_matches":[]},"run_at":null,"tab_types":null},"settings":{"enabled":false,"position":26},"meta":{"name":"SnowLord's Quizlet Extension","uuid":"fa6f79ba-af7d-4a74-9deb-393a2d06641c","modified":1589930397641,"file_url":"https://greasyfork.org/scripts/368411-snowlord-s-quizlet-extension/code/SnowLord's%20Quizlet%20Extension.user.js"}}