{"options":{"check_for_updates":true,"comment":null,"compat_foreach":false,"compat_metadata":false,"compat_powerful_this":null,"compat_prototypes":false,"compat_wrappedjsobject":false,"compatopts_for_requires":true,"noframes":null,"override":{"merge_connects":true,"merge_excludes":true,"merge_includes":true,"merge_matches":true,"orig_connects":[],"orig_excludes":[],"orig_includes":["https://www.twitch.tv/*"],"orig_matches":[],"orig_noframes":null,"orig_run_at":"document-end","use_blockers":[],"use_connects":[],"use_excludes":[],"use_includes":[],"use_matches":[]},"run_at":null,"tab_types":null},"settings":{"enabled":true,"position":76},"meta":{"name":"Twitch: <message deleted>","uuid":"f3589885-c44d-4b99-b6e0-d09574286430","modified":1622256534227,"file_url":"https://greasyfork.org/scripts/373848-twitch-message-deleted/code/Twitch:%20%3Cmessage%20deleted%3E.user.js"}}