{"options":{"check_for_updates":false,"comment":null,"compat_foreach":false,"compat_metadata":false,"compat_powerful_this":null,"compat_prototypes":false,"compat_wrappedjsobject":false,"compatopts_for_requires":true,"noframes":null,"override":{"merge_connects":true,"merge_excludes":true,"merge_includes":true,"merge_matches":true,"orig_connects":[],"orig_excludes":[],"orig_includes":[],"orig_matches":["https://mppclone.com/*","https://www.multiplayerpiano.net/*","https://mpp.terrium.net/*","https://piano.ourworldofpixels.com/*","http*://augustberchelmann.com/piano/*","https://mpp.hri7566.info/*","https://"],"orig_noframes":null,"orig_run_at":"document-idle","use_blockers":[],"use_connects":[],"use_excludes":[],"use_includes":[],"use_matches":[]},"run_at":null,"tab_types":null},"settings":{"enabled":false,"position":92},"meta":{"name":"Ultimate piano script","uuid":"cd8d41b3-350e-4bfc-a70f-f0cd31322146","modified":1630009496160}}