{"options":{"check_for_updates":true,"comment":null,"compat_foreach":false,"compat_metadata":false,"compat_powerful_this":null,"compat_prototypes":false,"compat_wrappedjsobject":false,"compatopts_for_requires":true,"noframes":null,"override":{"merge_connects":true,"merge_excludes":true,"merge_includes":true,"merge_matches":true,"orig_connects":[],"orig_excludes":[],"orig_includes":[],"orig_matches":["https://www.twitch.tv/*","*://*.twitch.tv/*","*://twitch.tv/*"],"orig_noframes":null,"orig_run_at":"document-idle","use_blockers":[],"use_connects":[],"use_excludes":[],"use_includes":[],"use_matches":[]},"run_at":null,"tab_types":null},"settings":{"enabled":true,"position":75},"meta":{"name":"Автокликер Баллов Twitch","uuid":"633bc7c0-5b9d-4d61-a30a-11e1cb567d8a","modified":1638089756077,"file_url":"https://greasyfork.org/scripts/401206-%D0%B0%D0%B2%D1%82%D0%BE%D0%BA%D0%BB%D0%B8%D0%BA%D0%B5%D1%80-%D0%B1%D0%B0%D0%BB%D0%BB%D0%BE%D0%B2-twitch/code/%D0%90%D0%B2%D1%82%D0%BE%D0%BA%D0%BB%D0%B8%D0%BA%D0%B5%D1%80%20%D0%91%D0%B0%D0%BB%D0%BB%D0%BE%D0%B2%20Twitch.user.js"}}